--
-- PostgreSQL database dump
--

-- Dumped from database version 17.0
-- Dumped by pg_dump version 17.0

-- Started on 2024-11-28 08:40:12

SET statement_timeout = 0;
SET lock_timeout = 0;
SET idle_in_transaction_session_timeout = 0;
SET transaction_timeout = 0;
SET client_encoding = 'UTF8';
SET standard_conforming_strings = on;
SELECT pg_catalog.set_config('search_path', '', false);
SET check_function_bodies = false;
SET xmloption = content;
SET client_min_messages = warning;
SET row_security = off;

SET default_tablespace = '';

SET default_table_access_method = heap;

--
-- TOC entry 222 (class 1259 OID 16524)
-- Name: opcion; Type: TABLE; Schema: public; Owner: morgan
--

CREATE TABLE public.opcion (
    id bigint NOT NULL,
    indice integer,
    texto character varying(255),
    pregunta_id bigint
);


ALTER TABLE public.opcion OWNER TO morgan;

--
-- TOC entry 221 (class 1259 OID 16523)
-- Name: opcion_id_seq; Type: SEQUENCE; Schema: public; Owner: morgan
--

ALTER TABLE public.opcion ALTER COLUMN id ADD GENERATED BY DEFAULT AS IDENTITY (
    SEQUENCE NAME public.opcion_id_seq
    START WITH 1
    INCREMENT BY 1
    NO MINVALUE
    NO MAXVALUE
    CACHE 1
);


--
-- TOC entry 224 (class 1259 OID 16530)
-- Name: pregunta; Type: TABLE; Schema: public; Owner: morgan
--

CREATE TABLE public.pregunta (
    id bigint NOT NULL,
    correcta integer,
    texto character varying(255),
    test_id bigint
);


ALTER TABLE public.pregunta OWNER TO morgan;

--
-- TOC entry 223 (class 1259 OID 16529)
-- Name: pregunta_id_seq; Type: SEQUENCE; Schema: public; Owner: morgan
--

ALTER TABLE public.pregunta ALTER COLUMN id ADD GENERATED BY DEFAULT AS IDENTITY (
    SEQUENCE NAME public.pregunta_id_seq
    START WITH 1
    INCREMENT BY 1
    NO MINVALUE
    NO MAXVALUE
    CACHE 1
);


--
-- TOC entry 226 (class 1259 OID 16536)
-- Name: resultado_usuario; Type: TABLE; Schema: public; Owner: morgan
--

CREATE TABLE public.resultado_usuario (
    id bigint NOT NULL,
    completado boolean,
    puntuacion integer,
    test_id bigint,
    user_id bigint
);


ALTER TABLE public.resultado_usuario OWNER TO morgan;

--
-- TOC entry 225 (class 1259 OID 16535)
-- Name: resultado_usuario_id_seq; Type: SEQUENCE; Schema: public; Owner: morgan
--

ALTER TABLE public.resultado_usuario ALTER COLUMN id ADD GENERATED BY DEFAULT AS IDENTITY (
    SEQUENCE NAME public.resultado_usuario_id_seq
    START WITH 1
    INCREMENT BY 1
    NO MINVALUE
    NO MAXVALUE
    CACHE 1
);


--
-- TOC entry 218 (class 1259 OID 16430)
-- Name: test; Type: TABLE; Schema: public; Owner: morgan
--

CREATE TABLE public.test (
    id bigint NOT NULL,
    cantidad_preguntas character varying(255),
    descripcion character varying(255),
    tema character varying(255),
    titulo character varying(255)
);


ALTER TABLE public.test OWNER TO morgan;

--
-- TOC entry 217 (class 1259 OID 16429)
-- Name: test_id_seq; Type: SEQUENCE; Schema: public; Owner: morgan
--

ALTER TABLE public.test ALTER COLUMN id ADD GENERATED BY DEFAULT AS IDENTITY (
    SEQUENCE NAME public.test_id_seq
    START WITH 1
    INCREMENT BY 1
    NO MINVALUE
    NO MAXVALUE
    CACHE 1
);


--
-- TOC entry 220 (class 1259 OID 16436)
-- Name: user; Type: TABLE; Schema: public; Owner: morgan
--

CREATE TABLE public."user" (
    id bigint NOT NULL,
    email character varying(255),
    password character varying(255),
    username character varying(255) NOT NULL,
    progress integer DEFAULT 0 NOT NULL
);


ALTER TABLE public."user" OWNER TO morgan;

--
-- TOC entry 219 (class 1259 OID 16435)
-- Name: user_id_seq; Type: SEQUENCE; Schema: public; Owner: morgan
--

ALTER TABLE public."user" ALTER COLUMN id ADD GENERATED BY DEFAULT AS IDENTITY (
    SEQUENCE NAME public.user_id_seq
    START WITH 1
    INCREMENT BY 1
    NO MINVALUE
    NO MAXVALUE
    CACHE 1
);


--
-- TOC entry 4882 (class 0 OID 16524)
-- Dependencies: 222
-- Data for Name: opcion; Type: TABLE DATA; Schema: public; Owner: morgan
--

COPY public.opcion (id, indice, texto, pregunta_id) FROM stdin;
1	1	Wayuunaiki	11
2	2	Guajiro	11
3	3	Wayuu	11
4	4	Añú	11
5	1	Gente sabia	12
6	2	Pueblo de la arena	12
7	3	Gente	12
8	4	Hijos del viento	12
9	1	Algodón	13
10	2	Lana	13
11	3	Hilo de fique	13
12	4	Cuero	13
13	1	Adiós	14
14	2	Bienvenido	14
15	3	Gracias	14
16	4	Saludo	14
17	1	Clan	15
18	2	Tribu	15
19	3	Familia extendida	15
20	4	Comunidad	15
21	1	El jaguar	16
22	2	El sol	16
23	3	Los caminos	16
24	4	Las estrellas	16
25	1	Los Andes	17
26	2	La Guajira	17
27	3	El Amazonas	17
28	4	El Altiplano	17
29	1	Yonna	18
30	2	Tambor	18
31	3	Wayuunaiki	18
32	4	Farotas	18
33	1	Guerrero	19
34	2	Tejedor	19
35	3	Mensajero o mediador	19
36	4	Líder espiritual	19
37	1	Prosperidad	20
38	2	Identidad y tradición	20
39	3	Protección contra el mal	20
40	4	Regalo sagrado	20
41	1	Mazorca	21
42	2	Friche	21
43	3	Arepa	21
44	4	Sancocho	21
45	1	Chicha	22
46	2	Café	22
47	3	Yupka	22
48	4	Aguapanela	22
49	1	Maíz	23
50	2	Trigo	23
51	3	Platano	23
52	4	Quinoa	23
53	1	Pollo	24
54	2	Pescado	24
55	3	Cerdo	24
56	4	Chivo	24
57	1	Panela	25
58	2	Azúcar	25
59	3	Miel	25
60	4	Coco	25
61	1	Alii	26
62	2	Wayuu	26
63	3	Jepira	26
64	4	Niiko	26
65	1	Chao	27
66	2	Wayunaiki	27
67	3	Hasta luego	27
68	4	Worenu	27
69	1	Hasta mañana	28
70	2	Paz sea contigo	28
71	3	Buen día	28
72	4	Amor y respeto	28
73	1	Wayaa sujia	29
74	2	Aliipaa	29
75	3	Jamaya	29
76	4	Wayoonuu	29
77	1	Gracias	30
78	2	Bienvenido	30
79	3	Adiós	30
80	4	Saludos	30
81	1	Un regalo de bodas	31
82	2	Un lugar de descanso	31
83	3	Un objeto decorativo	31
84	4	La unión familiar	31
85	1	Bautizo	32
86	2	El compromiso	32
87	3	El encierro	32
88	4	La ceremonia lunar	32
89	1	Tambor	33
90	2	Flauta	33
91	3	Maracas	33
92	4	Cuatro	33
93	1	Religión	34
94	2	Respeto y jerarquía	34
95	3	Identidad	34
96	4	Belleza	34
97	1	La cabra	35
98	2	El jaguar	35
99	3	El perro	35
100	4	El águila	35
101	1	Siglo XV	36
102	2	Siglo XVI	36
103	3	Siglo XVII	36
104	4	Siglo XVIII	36
105	1	La Guerra de la Independencia	37
106	2	La Rebelión de los Encomenderos	37
107	3	La Batalla de El Jobo	37
108	4	La Guerra del Fique	37
109	1	Palabreros	38
110	2	Guerreros	38
111	3	Caciques	38
112	4	Jefes	38
113	1	La Sierra Nevada	39
114	2	El Amazonas	39
115	3	El Orinoco	39
116	4	La Guajira	39
117	1	Pesca	40
118	2	Ganadería	40
119	3	Comercio	40
120	4	Cerámica	40
121	1	La mochila	41
122	2	El sombrero	41
123	3	El chinchorro	41
124	4	El tapiz	41
125	1	Unidad familiar	42
126	2	Riqueza	42
127	3	Historias ancestrales	42
128	4	Estatus social	42
129	1	Algodón	43
130	2	Hilo de fique	43
131	3	Lana	43
132	4	Yute	43
133	1	1 semana	44
134	2	2 semanas	44
135	3	1 mes	44
136	4	3 meses	44
137	1	Azul y blanco	45
138	2	Rojo y amarillo	45
139	3	Colores vivos y contrastantes	45
140	4	Negro y gris	45
\.


--
-- TOC entry 4884 (class 0 OID 16530)
-- Dependencies: 224
-- Data for Name: pregunta; Type: TABLE DATA; Schema: public; Owner: morgan
--

COPY public.pregunta (id, correcta, texto, test_id) FROM stdin;
11	1	¿Cuál es el nombre del idioma hablado por los wayuu?	4
12	3	¿Qué significa el término 'Wayuu'?	4
13	1	¿Cuál es el principal material usado en las mochilas wayuu?	4
14	4	¿Qué significa 'Añülu' en wayuunaiki?	4
15	1	¿Cómo se llama el sistema de organización social wayuu?	4
16	3	¿Cuál es el principal símbolo del tejido wayuu?	4
17	2	¿En qué región habitan los wayuu?	4
18	1	¿Cuál es el nombre de la danza tradicional wayuu?	4
19	3	¿Qué rol cumple el 'Pütchipü' dentro de la sociedad wayuu?	4
20	2	¿Qué representa la mochila wayuu dentro de su cultura?	4
21	2	¿Cuál es el plato tradicional más conocido de los wayuu?	5
22	3	¿Qué bebida es tradicional entre los wayuu?	5
23	1	¿Qué ingrediente base utilizan para el yotojoro?	5
24	4	¿Qué tipo de carne es común en la dieta wayuu?	5
25	3	¿Qué utilizan los wayuu para endulzar sus preparaciones?	5
26	1	¿Cómo se dice "hola" en wayuunaiki?	6
27	2	¿Qué frase utilizan para despedirse?	6
28	4	¿Qué significa "Asalamulekum"?	6
29	3	¿Cómo preguntan "¿Cómo estás?" en wayuunaiki?	6
30	1	¿Qué respuesta es correcta para un saludo de bienvenida?	6
31	4	¿Qué simboliza el chinchorro en la cultura wayuu?	7
32	3	¿Qué ritual marca el inicio de la adultez entre los wayuu?	7
33	1	¿Qué instrumento musical es típico en sus ceremonias?	7
34	2	¿Qué significa la pintura facial en las ceremonias wayuu?	7
35	4	¿Qué animal tiene un simbolismo especial en la cultura wayuu?	7
36	3	¿En qué siglo se reconoce históricamente a los Wayuu como un grupo organizado?	8
37	2	¿Qué conflicto marcó la resistencia de los Wayuu frente a los colonizadores europeos?	8
38	1	¿Qué nombre recibían los líderes de los clanes Wayuu?	8
39	4	¿Qué región fue el principal territorio de los Wayuu durante la época colonial?	8
40	2	¿Qué actividad económica destacaba en los Wayuu en la historia antigua?	8
41	1	¿Qué objeto artesanal es más representativo de los Wayuu?	9
42	3	¿Qué simbolizan los patrones tejidos en las mochilas Wayuu?	9
43	2	¿Qué fibra se utiliza tradicionalmente en las artesanías Wayuu?	9
44	4	¿Cuánto tiempo se tarda en tejer una mochila Wayuu?	9
45	3	¿Qué colores predominan en las artesanías Wayuu?	9
\.


--
-- TOC entry 4886 (class 0 OID 16536)
-- Dependencies: 226
-- Data for Name: resultado_usuario; Type: TABLE DATA; Schema: public; Owner: morgan
--

COPY public.resultado_usuario (id, completado, puntuacion, test_id, user_id) FROM stdin;
\.


--
-- TOC entry 4878 (class 0 OID 16430)
-- Dependencies: 218
-- Data for Name: test; Type: TABLE DATA; Schema: public; Owner: morgan
--

COPY public.test (id, cantidad_preguntas, descripcion, tema, titulo) FROM stdin;
4	10	Evalúa tus conocimientos sobre la cultura wayuu	Cultura Wayuu	Conociendo la Cultura Wayuu
5	5	Evalúa tus conocimientos sobre las comidas tradicionales wayuu	Comidas Wayuu	Comidas de la Cultura Wayuu
6	5	Evalúa tus conocimientos sobre los saludos en la lengua wayuu	Saludos Wayuu	Saludos en Wayuunaiki
7	5	Evalúa tus conocimientos sobre las tradiciones wayuu	Tradiciones Wayuu	Tradiciones Wayuu
8	5	Evalúa tus conocimientos sobre la historia del pueblo Wayuu	Historia Wayuu	Historia del Pueblo Wayuu
9	5	Evalúa tus conocimientos sobre las artesanías Wayuu y sus significados	Artesanías Wayuu	Artesanías Wayuu: Tradición y Técnica
\.


--
-- TOC entry 4880 (class 0 OID 16436)
-- Dependencies: 220
-- Data for Name: user; Type: TABLE DATA; Schema: public; Owner: morgan
--

COPY public."user" (id, email, password, username, progress) FROM stdin;
1	xioamra@example.com	badabun12	xiomara	0
2	sebita@example.com	$2a$10$udnVNbSsvQasqsT9iS4vbepD6fedT7xuwYBEyLvIKNuBSiJMGwOz2	sebastian	0
3	sebita@example.com	$2a$10$4yLHBO8..5brosbKIOLhZe16qfG0wykSH5wsJPrY0IFdwj7az/pke	sebas	0
4	ekko@example.com	$2a$10$TPoz1foifnC3B.rhwSAZ3.UXrYP7nV/ZLNSxbDsutqgHQOxMKHLHu	morgan	0
6	saiko@example.com	$2a$10$jJWRz1BEufdB8lMkEYp/luwB8KQk4CUEn/8KGdLYbEBhfoeSh6KyK	camilo	0
7	dani@example.com	$2a$10$EAV2Bha8o6dr/060E5Af0.EhPUmztdmwQfN/DzMh1SufQASUc8HrW	daniel	0
9	ddni@example.com	$2a$10$5gf.dEUEjFTkbg62Y0g.ROhv/G9CdtOzzy9l.yAXIIOzqtN3KqRE6	zunga	0
11	sharti@example.com	$2a$10$OyvsRUXDMY8ewexCImuj8e02D8ICyOJDz/5n2V3av4rf/t95ErXrq	sharti	0
12	marlon@gmail.com	$2a$10$GHruOnLu8HhmXldMQajrm.EKS1Obs9j6BmFU7LXrmWH3UxyKmshN2	marlon	100
10	jose@gmail.com	$2a$10$IIFAnzpCrXogV8V/XQd4FOVxEgKc7DEf4WdJJ.NicgeWRA4qw/lfi	wicho	100
13	estela@gmail.com	$2a$10$Y5G2j.jiPjHiT5M8db468ucNk9uFaZlxS4wBOz9WkVTUNwmYeSeGK	estela	0
\.


--
-- TOC entry 4892 (class 0 OID 0)
-- Dependencies: 221
-- Name: opcion_id_seq; Type: SEQUENCE SET; Schema: public; Owner: morgan
--

SELECT pg_catalog.setval('public.opcion_id_seq', 140, true);


--
-- TOC entry 4893 (class 0 OID 0)
-- Dependencies: 223
-- Name: pregunta_id_seq; Type: SEQUENCE SET; Schema: public; Owner: morgan
--

SELECT pg_catalog.setval('public.pregunta_id_seq', 45, true);


--
-- TOC entry 4894 (class 0 OID 0)
-- Dependencies: 225
-- Name: resultado_usuario_id_seq; Type: SEQUENCE SET; Schema: public; Owner: morgan
--

SELECT pg_catalog.setval('public.resultado_usuario_id_seq', 1, false);


--
-- TOC entry 4895 (class 0 OID 0)
-- Dependencies: 217
-- Name: test_id_seq; Type: SEQUENCE SET; Schema: public; Owner: morgan
--

SELECT pg_catalog.setval('public.test_id_seq', 9, true);


--
-- TOC entry 4896 (class 0 OID 0)
-- Dependencies: 219
-- Name: user_id_seq; Type: SEQUENCE SET; Schema: public; Owner: morgan
--

SELECT pg_catalog.setval('public.user_id_seq', 13, true);


--
-- TOC entry 4723 (class 2606 OID 16528)
-- Name: opcion opcion_pkey; Type: CONSTRAINT; Schema: public; Owner: morgan
--

ALTER TABLE ONLY public.opcion
    ADD CONSTRAINT opcion_pkey PRIMARY KEY (id);


--
-- TOC entry 4725 (class 2606 OID 16534)
-- Name: pregunta pregunta_pkey; Type: CONSTRAINT; Schema: public; Owner: morgan
--

ALTER TABLE ONLY public.pregunta
    ADD CONSTRAINT pregunta_pkey PRIMARY KEY (id);


--
-- TOC entry 4727 (class 2606 OID 16540)
-- Name: resultado_usuario resultado_usuario_pkey; Type: CONSTRAINT; Schema: public; Owner: morgan
--

ALTER TABLE ONLY public.resultado_usuario
    ADD CONSTRAINT resultado_usuario_pkey PRIMARY KEY (id);


--
-- TOC entry 4717 (class 2606 OID 16434)
-- Name: test test_pkey; Type: CONSTRAINT; Schema: public; Owner: morgan
--

ALTER TABLE ONLY public.test
    ADD CONSTRAINT test_pkey PRIMARY KEY (id);


--
-- TOC entry 4719 (class 2606 OID 16452)
-- Name: user uk5c856itaihtmi69ni04cmpc4m; Type: CONSTRAINT; Schema: public; Owner: morgan
--

ALTER TABLE ONLY public."user"
    ADD CONSTRAINT uk5c856itaihtmi69ni04cmpc4m UNIQUE (username);


--
-- TOC entry 4721 (class 2606 OID 16443)
-- Name: user user_pkey; Type: CONSTRAINT; Schema: public; Owner: morgan
--

ALTER TABLE ONLY public."user"
    ADD CONSTRAINT user_pkey PRIMARY KEY (id);


--
-- TOC entry 4729 (class 2606 OID 16548)
-- Name: pregunta fk6ln0gn1q6lmg25xx3g2vnojfv; Type: FK CONSTRAINT; Schema: public; Owner: morgan
--

ALTER TABLE ONLY public.pregunta
    ADD CONSTRAINT fk6ln0gn1q6lmg25xx3g2vnojfv FOREIGN KEY (test_id) REFERENCES public.test(id);


--
-- TOC entry 4730 (class 2606 OID 16558)
-- Name: resultado_usuario fk72s77uoec0ij5dlustvad8etu; Type: FK CONSTRAINT; Schema: public; Owner: morgan
--

ALTER TABLE ONLY public.resultado_usuario
    ADD CONSTRAINT fk72s77uoec0ij5dlustvad8etu FOREIGN KEY (user_id) REFERENCES public."user"(id);


--
-- TOC entry 4731 (class 2606 OID 16553)
-- Name: resultado_usuario fkbuo0u3haltm3k59d6l0lvqe3s; Type: FK CONSTRAINT; Schema: public; Owner: morgan
--

ALTER TABLE ONLY public.resultado_usuario
    ADD CONSTRAINT fkbuo0u3haltm3k59d6l0lvqe3s FOREIGN KEY (test_id) REFERENCES public.test(id);


--
-- TOC entry 4728 (class 2606 OID 16543)
-- Name: opcion fkmbls7mhuqgs6v9ejkyehe93k8; Type: FK CONSTRAINT; Schema: public; Owner: morgan
--

ALTER TABLE ONLY public.opcion
    ADD CONSTRAINT fkmbls7mhuqgs6v9ejkyehe93k8 FOREIGN KEY (pregunta_id) REFERENCES public.pregunta(id);


-- Completed on 2024-11-28 08:40:12

--
-- PostgreSQL database dump complete
--

